n,E,Ko,T,K
3,240,1690280103365.52,923,0.0441905986903874
3,241,1925541867244.98,924,0.0457183922390177
3,241,1925541867244.98,925,0.0472955300936075
3,242,2193548557502.9,926,0.0489441492507082
3,243,2498857779190.97,927,0.0506607327988474
3,244,2846661487964.34,928,0.0524483532607499
3,245,3242874282218.24,929,0.0543102326202965
3,246,3694233984172.32,930,0.0562497500257382
3,247,4208416220340.96,931,0.0582704499099062
3,248,4794164949894.71,932,0.0603760505509581
3,249,5461441160621.88,933,0.0625704530985884
3,250,6221592261148.63,934,0.0648577510920844
4,240,1523572890642.43,923,0.0398322136383651
4,241,1735631498525.1,924,0.0412093255315695
4,242,1977205499765.92,925,0.042642928352738
4,243,2252402996619.2,926,0.0441355651469887
4,244,2565903877861.85,927,0.0456899022318128
4,245,2923039402943.74,928,0.0473087355308352
4,246,3329882863064.01,929,0.0489949972494983
4,247,3793352860916.22,930,0.0507517629119232
4,248,4321330965432.4,931,0.0525822587793321
4,249,4922795742311.86,932,0.0544898696716093
4,250,5607975439599.05,934,0.0584610273262889
6,240,27230294564607500,923,711.907462514449
6,241,31020345170700000,924,736.520110016048
6,242,35337914256721800,925,762.142400455081
6,243,40256424522152900,926,788.819784802788
6,244,45859518010447800,927,816.599917235181
6,245,52242478489198000,928,845.532768334148
6,246,59513851804384600,929,875.670744399642
6,247,67797291763763300,930,907.068813217108
6,248,77233662939661700,931,939.784636644381
6,249,87983436150550000,932,973.878710403767
6,250,100229417357889000,934,1044.8538461282
5,240,2602321708779470,923,68.0349689184555
5,241,2964526052408820,924,70.3871295516057
5,242,3377143834969020,925,72.835778885161
5,243,3847191854766140,926,75.3852605390144
5,244,4382663543708590,927,78.0401286870641
5,245,4992664900128820,928,80.8051588755214
5,246,5687569341425030,929,83.6853594252374
5,247,6479194109879810,930,86.6859834509373
5,248,7381001231535350,931,89.8125415321725
5,249,8408326445545710,932,93.0708150728523
5,250,9578639997077570,934,99.8537066806184
7,240,4.65E+16,923,1216.9720285991
7,241,5.30E+16,924,1259.04618168274
7,242,6.04E+16,925,1302.8462714624
7,243,6.88E+16,926,1348.44999421687
7,244,7.84E+16,927,1395.93881249895
7,245,8.93E+16,928,1445.39814864736
7,246,1.02E+17,929,1496.91758874531
7,247,1.16E+17,930,1550.5910976139
7,248,1.32E+17,931,1606.51724546316
7,249,1.50E+17,932,1664.79944685999
7,250,1.71E+17,934,1786.12807375426
7,240,5.31E+16,935,2075.45553896069
6,240,19395336324127000,935,757.514638127609
5,240,2377600629601980,935,92.8608429596792
4,240,1523572890642.43,935,0.0595054784113409
3,240,1690280103365.52,935,0.0660164845526525
7,241,6.05E+16,936,2148.94143347522
6,241,22094877675624900,936,784.336046606701
5,241,2708527152849410,936,96.1487775755575
4,241,1735631498525.1,936,0.061612395773571
3,241,1925541867244.98,936,0.0683539378630164
7,242,6.90E+16,937,2225.48294001781
6,242,25170154894068500,937,812.272714264437
5,242,3085513709234950,937,99.5734275791455
4,242,1977205499765.92,937,0.0638069207246677
3,242,2193548557502.9,937,0.0707885846619722
7,243,7.86E+16,938,2305.21916079521
6,243,28673464804483400,938,841.375411621229
5,243,3514971167950530,938,103.141016735749
4,243,2252402996619.2,938,0.0660930414702114
3,243,2498857779190.97,938,0.0733248495389705
7,244,8.95E+16,939,2388.29600107614
6,244,32664383169437700,939,871.697392227818
5,244,4004202695500870,939,106.858073195931
4,244,2565903877861.85,939,0.0684749412666752
3,244,2846661487964.34,939,0.075967373476552
7,245,1.02E+17,940,2474.86652140198
6,245,37210777808512900,940,903.294521217621
5,245,4561527950172410,940,110.73144525426
4,245,2923039402943.74,940,0.0709570085196729
3,245,3242874282218.24,940,0.0787210250535294
7,246,1.16E+17,941,2565.09130893485
6,246,42389962728885700,941,936.225410844057
5,246,5196424562518620,941,114.768317964313
4,246,3329882863064.01,941,0.0735438474308996
3,246,3694233984172.32,941,0.0815909122569008
7,247,1.32E+17,942,2659.13886902736
6,247,48290012893663700,942,970.551563398478
5,247,5919689307817680,942,118.976230658443
4,247,3793352860916.22,942,0.0762402892248432
3,247,4208416220340.96,942,0.0845823949369741
7,248,1.51E+17,943,2757.18603816129
6,248,55011261986346300,943,1006.33752192742
5,248,6743621711330310,943,123.363095423633
4,248,4321330965432.4,943,0.0790514039881656
3,248,4794164949894.71,943,0.0877010979421958
7,249,1.72E+17,944,2859.41841947041
6,249,62668008641751900,944,1043.65102919296
5,249,7682233208669970,944,127.937216587845
4,249,4922795742311.86,944,0.0819825131566022
3,249,5461441160621.88,944,0.0909529249723495
7,250,1.96E+17,945,2966.03084213465
6,250,71390460158820500,945,1082.56319534558
5,250,8751485418174440,945,132.707311274398
4,250,5607975439599.05,945,0.0850392026862677
3,250,6221592261148.63,945,0.0943440731910481
7,240,6.00E+16,946,3352.98817837332
6,240,7.27E+16,946,4064.27493729799
5,240,9538994400434200,946,533.466124603787
4,240,1523572890642.43,946,0.0852054725480718
3,240,1690280103365.52,946,0.0945285360683563
7,241,6.83E+16,947,3474.24454300538
6,241,8.28E+16,947,4211.25404296279
5,241,10866680056683700,947,552.75821854585
4,241,1735631498525.1,947,0.0882868153081138
3,241,1925541867244.98,947,0.0979470350393849
7,242,7.78E+16,948,3600.60594141879
6,242,9.43E+16,948,4364.42113968148
5,242,12379159741298700,948,572.862532049224
4,242,1977205499765.92,948,0.0914978861771057
3,242,2193548557502.9,948,0.101509456787429
7,243,8.86E+16,949,3732.30715123969
6,243,1.07E+17,949,4524.06080967478
5,243,14102154025077300,949,593.816418633719
4,243,2252402996619.2,949,0.0948446512776574
3,243,2498857779190.97,949,0.105222420239879
7,244,1.01E+17,950,3869.59452651592
6,244,1.22E+17,950,4690.47166735137
5,244,16064963398407500,950,615.65907364754
4,244,2565903877861.85,950,0.098333370910117
3,244,2846661487964.34,950,0.109092870690386
7,245,1.15E+17,923,1567.46905396866
6,245,1.39E+17,923,1899.98438769494
5,245,18300966542645600,923,249.386993682364
4,245,2923039402943.74,923,0.039832213638365
3,245,3242874282218.24,923,0.0441905986903875
7,246,1.31E+17,924,1622.80480718952
6,246,1.59E+17,924,1967.05880102054
5,246,20848187953433500,924,258.191006178787
4,246,3329882863064.01,924,0.0412383948567772
3,246,3694233984172.32,924,0.0457506422890933
7,247,1.49E+17,925,1680.44144343923
6,247,1.81E+17,925,2036.92219561607
5,247,23749944568712600,925,267.361093080272
4,247,3793352860916.22,925,0.0427030456597278
3,247,4208416220340.96,925,0.0473755531324214
7,248,1.70E+17,926,1740.48377452337
6,248,2.06E+17,926,2109.70161755863
5,248,27055582397702800,926,276.91393012343
4,248,4321330965432.4,926,0.044228829504094
3,248,4794164949894.71,926,0.0490682861089718
7,249,1.94E+17,927,1803.04174479972
6,249,2.35E+17,927,2185.53033427237
5,249,30821315677646100,927,286.867009642663
4,249,4922795742311.86,927,0.0458185402741539
3,249,5461441160621.88,927,0.0508319408059289
7,250,2.21E+17,928,1868.23069733042
6,250,2.67E+17,928,2264.54815714096
5,250,35111182828641300,928,297.238682915428
4,250,5607975439599.05,928,0.0474751090449947
3,250,6221592261148.63,928,0.0526697690125127
7,240,5.25E+16,929,1679.74513050287
6,240,21024901727275000,929,672.71230369777
5,240,2584411624298220,929,82.6907787744644
4,240,1523572890642.43,929,0.0487482054570525
3,240,1690280103365.52,929,0.0540821658516687
7,241,5.98E+16,930,1738.52131377662
6,241,23951254262515900,930,696.251268588715
5,241,2944123151466020,930,85.5842227142848
4,241,1735631498525.1,930,0.0504539603398497
3,241,1925541867244.98,930,0.0559745620457196
7,242,6.81E+16,931,1799.72495291838
6,242,27284911396446200,931,720.76239252894
5,242,3353901154717160,931,88.5971658641476
4,242,1977205499765.92,931,0.0522301628847612
3,242,2193548557502.9,931,0.0579451141864481
7,243,7.76E+16,932,1863.46593881778
6,243,31082563850404300,932,746.289685143572
5,243,3820714140307560,932,91.7350179514434
4,243,2252402996619.2,932,0.054080002256362
3,243,2498857779190.97,932,0.0599973603923519
7,244,8.84E+16,934,1995.96091549911
6,244,35408792848060800,934,799.351902365178
5,244,4352500526562830,934,98.2575031824045
4,244,2565903877861.85,934,0.0579251643753053
3,244,2846661487964.34,933,0.0621350110526831
7,245,1.01E+17,935,2067.63287143009
6,245,40337168355582200,935,828.055427506766
5,245,4958303641162950,935,101.785782410365
4,245,2923039402943.74,935,0.0600051699486421
3,245,3242874282218.24,934,0.0643619577124532
7,246,1.15E+17,936,2142.3134439208
6,246,45951500180432600,936,857.963857690252
5,246,5648425508034170,936,105.462170325674
4,246,3329882863064.01,936,0.0621724891599429
3,246,3694233984172.32,935,0.0666822824386406
7,247,1.31E+17,937,2220.14073825607
6,247,52347263204461100,937,889.132501975698
5,247,6434602039081300,937,109.293465598765
4,247,3793352860916.22,937,0.0644311299891544
3,247,4208416220340.96,936,0.0691002676947826
7,248,1.49E+17,938,2301.25966302911
6,248,59633220988157800,938,921.61939404439
5,248,7330202609994040,938,113.286801814493
4,248,4321330965432.4,938,0.06678529785634
3,248,4794164949894.71,937,0.0716204067527175
7,249,1.70E+17,939,2385.82228469265
6,249,67933275356397300,939,955.485434191185
5,249,8350457414027580,939,117.449664926038
4,249,4922795742311.86,939,0.0692394059111772
3,249,5461441160621.88,938,0.0742474146719383
7,250,1.93E+17,940,2473.98820149132
6,250,77388573418909400,940,990.794539078726
5,250,9512716460035870,940,121.789911662913
4,250,5607975439599.05,940,0.0717980858849208
3,250,6221592261148.63,939,0.0769862398788126
7,240,9.40E+16,941,4468.33272949183
6,240,3.33E+17,941,15826.4189727162
5,240,15739803688783300,941,748.491734334043
4,240,1523572890642.43,941,0.0724520926594502
3,240,1690280103365.52,940,0.0777988490438824
7,241,1.07E+17,942,4628.39180662535
6,241,3.79E+17,942,16393.3333384217
5,241,17930549454273000,942,775.303277585699
4,241,1735631498525.1,942,0.0750473817279933
3,241,1925541867244.98,941,0.0805803121427971
7,242,1.22E+17,943,4795.1515840553
6,242,4.32E+17,943,16983.9809614119
5,242,20426214334632700,943,803.23725712171
4,242,1977205499765.92,943,0.0777513197687933
3,242,2193548557502.9,942,0.0834780866309648
7,243,1.39E+17,944,4968.91880294014
6,243,4.92E+17,944,17599.4482903429
5,243,23269238519900800,944,832.345055244059
4,243,2252402996619.2,944,0.0805688804577557
3,243,2498857779190.97,943,0.0864974920238807
7,244,1.58E+17,945,5150.01527316253
6,244,5.60E+17,945,18240.8751458907
5,244,26507969241172100,945,862.680578421164
4,244,2565903877861.85,945,0.0835052818036653
3,244,2846661487964.34,944,0.0896441089653854
7,245,1.80E+17,946,5338.77865644886
6,245,6.39E+17,946,18909.4574944879
5,245,30197482942554200,946,894.300388468483
4,245,2923039402943.74,946,0.0865659988461331
3,245,3242874282218.24,945,0.0929237927898567
7,246,2.05E+17,947,5535.56329217886
6,246,7.27E+17,947,19606.4503732636
5,246,34400521887188000,947,927.263840880094
4,246,3329882863064.01,947,0.0897567770457431
3,246,3694233984172.32,946,0.096342687823313
7,247,2.34E+17,948,5740.74106831034
6,247,8.29E+17,948,20333.1709747788
5,247,39188561124850300,948,961.633230717563
4,247,3793352860916.22,948,0.0930836464057216
3,247,4208416220340.96,947,0.0999072424653826
7,248,2.67E+17,949,5954.70233998588
6,248,9.44E+17,949,21091.0019006458
5,248,44643023965519700,949,997.473946486051
4,248,4321330965432.4,949,0.0965529363667525
3,248,4794164949894.71,948,0.103624225096554
7,249,3.04E+17,950,6177.8568985425
6,249,1.08E+18,950,21881.3945936693
5,249,50856666628726200,950,1034.85463245336
4,249,4922795742311.86,950,0.100171291519047
3,249,5461441160621.88,949,0.107500740857751
7,250,3.46E+17,923,2456.56926329239
6,250,1.23E+18,923,8700.93986953016
5,250,57935155615421700,923,411.500642344182
4,250,5607975439599.05,923,0.0398322136383651
3,250,6221592261148.63,950,0.111544249352064
7,240,42510917635614700,924,1149.66550406859
6,240,121697001312016000,924,3291.17441209503
5,240,1278363487605240,924,34.5720696024044
4,240,1523572890642.43,924,0.0412035141259386
3,240,1690280103365.52,923,0.0441905986903874
7,241,48427802918222900,925,1189.49301973017
6,241,138635407633252000,925,3405.18957561768
5,241,1456292606201780,925,35.7697393930264
4,241,1735631498525.1,925,0.0426309150511258
3,241,1925541867244.98,924,0.0457183922390177
7,242,55168230325883300,926,1230.95615537287
6,242,157931387317924000,926,3523.88706683538
5,242,1658986802611880,926,37.016594592474
4,242,1977205499765.92,926,0.0441169358885899
3,242,2193548557502.9,925,0.0473088578738639
7,243,62846824631485600,927,1274.12861044958
6,243,179913079392726000,927,3647.4778669011
5,243,1889893006061880,927,38.3148514476519
4,243,2252402996619.2,927,0.0456642179948281
3,243,2498857779190.97,926,0.0489648168964802
7,244,71594164665594000,928,1319.08765958491
6,244,204954294939569000,928,3776.18319169571
5,244,2152937906882920,928,39.6668337159411
4,244,2565903877861.85,928,0.0472755308589443
3,244,2846661487964.34,927,0.0506892273690855
7,245,81559003883169400,929,1365.91433638453
6,245,233480873964044000,929,3910.23501802343
5,245,2452594732096520,929,41.0749781926056
4,245,2923039402943.74,929,0.0489537786902969
3,245,3242874282218.24,928,0.0524851911413534
7,246,92910800000038200,930,1414.69362717273
6,246,265977927045085000,930,4049.87663822871
5,246,2793959315165090,930,42.5418405367547
4,246,3329882863064.01,930,0.0507020073619687
3,246,3694233984172.32,929,0.0543559612565407
7,247,105842596717008000,931,1465.51467521745
6,247,302998084914209000,931,4195.3632448362
5,247,3182836753516540,931,44.0701014126801
4,247,3793352860916.22,931,0.0525234117301044
3,247,4208416220340.96,930,0.0563049497583118
7,248,120574306536963000,932,1518.47099603494
6,248,345170896253040000,932,4346.96254690835
5,248,3625840127502740,932,45.6625729643711
4,248,4321330965432.4,932,0.0544213433503362
3,248,4794164949894.71,931,0.0583357359208757
7,249,137356450501119000,934,1628.68523043215
6,249,393213533524019000,934,4662.4754215776
5,249,4130502959563970,934,48.9768710530513
4,249,4922795742311.86,934,0.0583713738138005
3,249,5461441160621.88,932,0.0604520749263694
7,250,156474418440736000,935,1688.33114551955
6,250,447942988892949000,935,4833.22518211831
5,250,4705407326030500,935,50.7705081767216
4,250,5607975439599.05,935,0.0605090575976146
3,250,6221592261148.63,933,0.0626579070148337
7,249.709999999987,1.65E+17,936,1.91E+03
6,249.709999999987,96512343814826500,936,1118.67397816769
5,249.709999999987,9223409863547740,936,106.908486484617
4,249.71,5400000000000,936,0.0625913664855732
3,211.699999999999,42300000000,934,0.0611552665228152
7,249.709999999987,1.88E+17,937,2.26E+03
6,249.709999999987,68742898218637800,937,824.558326468794
5,249.709999999987,8426930853577480,937,101.07947412683
4,249.71,5400000000000,937,0.0647719994109425
3,211.699999999999,42300000000,935,0.0629646603274902
7,249.709999999987,2.12E+17,938,2.64E+03
6,249.709999999987,2.58E+17,938,3.20E+03
5,249.709999999987,33809061633104800,938,419.631246270964
4,249.71,5400000000000,938,0.0670237096329415
3,211.699999999999,42300000000,936,0.0648235496530691
7,249.709999999987,1.86E+17,939,2.39E+03
6,249.709999999987,74518567522699700,939,956.992969427647
5,249.709999999987,9159931144024310,939,117.634973358852
4,249.71,5400000000000,939,0.0693486496949433
3,211.699999999999,42300000000,937,0.0667331740152917
7,249.709999999987,3.33E+17,940,4.42E+03
6,249.709999999987,1.18E+18,940,1.57E+04
5,249.709999999987,55786592450753600,940,741.228521666166
4,249.71,5400000000000,940,0.0717490321805194
3,211.699999999999,42300000000,938,0.0686948009785844
7,244.857572887623,80059219544751100,941,2046.19412534125
6,230.533960514382,35445093399342900,941,5652.23143711952
5,239.548436327989,1205309095965620,941,60.7229981740411
4,249.71,5400000000000,941,0.0742271312382693
3,211.699999999999,42300000000,939,0.0707097267191964
7,249.709999999987,3.35E+17,942,4.77E+03
6,249.709999999987,1.18E+18,942,1.68E+04
5,249.709999999987,55799101557817200,942,793.435160732754
4,249.71,5400000000000,942,0.0767852841413627
3,211.699999999999,42300000000,940,0.0727792765980977
3,240,1690280103365.52,953,0.118278216903286
3,241,1925541867244.98,954,0.122612049286232
3,241,1925541867244.98,955,0.126575885090406
3,242,2193548557502.9,956,0.131248230098625
3,243,2498857779190.97,957,0.136119803349626
3,244,2846661487964.34,958,0.141199863795025
3,245,3242874282218.24,959,0.14649813087481
3,246,3694233984172.32,960,0.152024808704626
3,247,4208416220340.96,961,0.157790611593815
3,248,4794164949894.71,962,0.163806790970401
3,249,5461441160621.88,963,0.170085163793774
3,250,6221592261148.63,964,0.176638142540595
4,240,1523572890642.43,953,0.10661279421592
4,241,1735631498525.1,954,0.110519193822765
4,242,1977205499765.92,955,0.114591362478711
4,243,2252402996619.2,956,0.118836973080236
4,244,2565903877861.85,957,0.123264078833014
4,245,2923039402943.74,958,0.127881133167753
4,246,3329882863064.01,959,0.132697010748851
4,247,3793352860916.22,960,0.137721029638272
4,248,4321330965432.4,961,0.14296297468079
4,249,4922795742311.86,962,0.148433122180644
4,250,5607975439599.05,963,0.15414226594381
6,240,27230294564607500,953,1905.45382415623
6,241,31020345170700000,954,1975.27156155151
6,242,35337914256721800,955,2048.05203218027
6,243,40256424522152900,956,2123.93237108379
6,244,45859518010447800,957,2203.05651043886
6,245,52242478489198000,958,2285.5755355068
6,246,59513851804384600,959,2371.6480601138
6,247,67797291763763300,960,2461.4406227784
6,248,77233662939661700,961,2555.12810466779
6,249,87983436150550000,962,2652.89417063531
6,250,100229417357889000,963,2754.93173466492
5,240,2602321708779470,953,182.098795880216
5,241,2964526052408820,954,188.771078225548
5,242,3377143834969020,955,195.72650054913
5,243,3847191854766140,956,202.978168456345
5,244,4382663543708590,957,210.539837135457
5,245,4992664900128820,958,218.425945374651
5,246,5687569341425030,959,226.651651445615
5,247,6479194109879810,960,235.232870960323
5,248,7381001231535350,961,244.186316813918
5,249,8408326445545710,962,253.529541333417
5,250,9578639997077570,963,263.280980758916
7,240,4.65E+16,953,3257.28290246467
7,241,5.30E+16,954,3376.63301183146
7,242,6.04E+16,955,3501.04777308518
7,243,6.88E+16,956,3630.76161207213
7,244,7.84E+16,957,3766.02057401922
7,245,8.93E+16,958,3907.08293201202
7,246,1.02E+17,959,4054.21982886046
7,247,1.16E+17,960,4207.71595426009
7,248,1.32E+17,961,4367.87025926846
7,249,1.50E+17,962,4534.99671023783
7,250,1.71E+17,963,4709.4250844704
7,240,5.31E+16,964,5253.82188555588
6,240,19395336324127000,964,1917.57756777422
5,240,2377600629601980,964,235.068552370455
4,240,1523572890642.43,964,0.150632561825213
3,240,1690280103365.52,965,0.172381609502415
7,241,6.05E+16,965,5450.23392433328
6,241,22094877675624900,965,1989.26544144116
5,241,2708527152849410,965,243.856496581214
4,241,1735631498525.1,965,0.15626390015735
3,241,1925541867244.98,966,0.178837612390118
7,242,6.90E+16,966,5655.08465694823
6,242,25170154894068500,966,2064.03333006801
5,242,3085513709234950,966,253.022008130094
4,242,1977205499765.92,966,0.162137184657229
3,242,2193548557502.9,967,0.185571304374429
7,243,7.86E+16,967,5868.76863316538
6,243,28673464804483400,967,2142.02523925574
5,243,3514971167950530,967,262.582740116884
4,243,2252402996619.2,967,0.168263727478766
3,243,2498857779190.97,968,0.192595680600522
7,244,8.95E+16,968,6091.70011930876
6,244,32664383169437700,968,2223.39237089651
5,244,4004202695500870,968,272.557227807376
4,244,2565903877861.85,968,0.174655406070232
3,244,2846661487964.34,969,0.199924386093752
7,245,1.02E+17,969,6324.31413801372
6,245,37210777808512900,969,2308.29350266969
5,245,4561527950172410,970,291.976887517392
4,245,2923039402943.74,970,0.187099576344797
3,245,3242874282218.24,970,0.207571750052851
7,246,1.16E+17,970,6567.06756537596
6,246,42389962728885700,970,2396.8953884873
5,246,5196424562518620,971,303.203311905416
4,246,3329882863064.01,971,0.194293499345778
3,246,3694233984172.32,971,0.215552822037253
7,247,1.32E+17,971,6820.44028879523
6,247,48290012893663700,971,2489.37318109206
5,247,5919689307817680,972,314.921376574092
4,247,3793352860916.22,972,0.20180246676348
3,247,4208416220340.96,972,0.223883410157398
7,248,1.51E+17,972,7084.93642900476
6,248,55011261986346300,972,2585.91087808232
5,248,6743621711330310,973,327.154441404561
4,248,4321330965432.4,973,0.20964144767269
3,248,4794164949894.71,973,0.23258012138328
7,249,1.72E+17,973,7361.08562998808
6,249,62668008641751900,973,2686.70179271539
5,249,7682233208669970,974,339.927049829521
4,249,4922795742311.86,974,0.21782616957122
3,249,5461441160621.88,974,0.241660404093503
7,250,1.96E+17,974,7649.44442070503
6,250,71390460158820500,974,2791.94905091985
5,250,8751485418174440,975,353.264992017664
4,250,5607975439599.05,975,0.226373158868666
3,250,6221592261148.63,975,0.251142592994265
7,240,6.00E+16,975,8310.09224170588
6,240,7.27E+16,975,10072.9551754594
5,240,9538994400434200,953,667.496024172158
4,240,1523572890642.43,953,0.10661279421592
3,240,1690280103365.52,953,0.118278216903286
7,241,6.83E+16,953,4212.65041424433
6,241,8.28E+16,953,5106.30177840876
5,241,10866680056683700,954,691.953747333556
4,241,1735631498525.1,954,0.110519193822765
3,241,1925541867244.98,954,0.122612049286232
7,242,7.78E+16,954,4367.58392483985
6,242,9.43E+16,954,5294.10213753988
5,242,12379159741298700,955,717.449340124211
4,242,1977205499765.92,955,0.114591362478711
3,242,2193548557502.9,955,0.127129788935559
7,243,8.86E+16,955,4529.10896156293
6,243,1.07E+17,955,5489.8923173962
5,243,14102154025077300,956,744.030842068172
4,243,2252402996619.2,956,0.118836973080236
3,243,2498857779190.97,956,0.131839948305335
7,244,1.01E+17,956,4697.53130092576
6,244,1.22E+17,956,5694.04296044605
5,244,16064963398407500,957,771.748673781536
4,244,2565903877861.85,957,0.123264078833014
3,244,2846661487964.34,957,0.136751461771723
7,245,1.15E+17,957,4873.17190455973
6,245,1.39E+17,957,5906.94311557503
5,245,18300966542645600,958,800.655761664293
4,245,2923039402943.74,958,0.127881133167753
3,245,3242874282218.24,958,0.141873707727988
7,246,1.31E+17,958,5056.36771581007
6,246,1.59E+17,958,6129.00120366647
5,246,20848187953433500,959,830.807669434121
4,246,3329882863064.01,959,0.132697010748851
3,246,3694233984172.32,959,0.147216531891879
7,247,1.49E+17,959,5247.4725001105
6,247,1.81E+17,959,6360.64603624886
5,247,23749944568712600,960,862.262736893127
4,247,3793352860916.22,960,0.137721029638272
3,247,4208416220340.96,960,0.152790271894657
7,248,1.70E+17,960,5446.8577316419
6,248,2.06E+17,960,6602.3278902462
5,248,27055582397702800,961,895.082226341296
4,248,4321330965432.4,961,0.14296297468079
3,248,4794164949894.71,961,0.15860578322511
7,249,1.94E+17,961,5654.9135289293
6,249,2.35E+17,961,6854.51964204801
5,249,30821315677646100,962,929.330477075564
4,249,4922795742311.86,962,0.148433122180644
3,249,5461441160621.88,962,0.164674466606303
7,250,2.21E+17,962,5872.04964218729
6,250,2.67E+17,962,7117.71796430536
5,250,35111182828641300,963,965.075068438802
4,250,5607975439599.05,963,0.15414226594381
3,250,6221592261148.63,963,0.17100829688735
7,240,5.25E+16,963,5031.51770251442
6,240,21024901727275000,963,2015.04609436866
5,240,2584411624298220,964,255.51553599431
4,240,1523572890642.43,964,0.150632561825213
3,240,1690280103365.52,964,0.16711456585761
7,241,5.98E+16,964,5219.28050935985
6,241,23951254262515900,964,2090.24223457354
5,241,2944123151466020,965,265.067882544526
4,241,1735631498525.1,965,0.15626390015735
3,241,1925541867244.98,965,0.173362077346291
7,242,6.81E+16,965,5415.10133910167
6,242,27284911396446200,965,2168.66549003979
5,242,3353901154717160,966,275.030638397905
4,242,1977205499765.92,966,0.162137184657229
3,242,2193548557502.9,966,0.179878008413669
7,243,7.76E+16,966,5619.35659990857
6,243,31082563850404300,966,2250.46660649766
5,243,3820714140307560,967,285.422992174996
4,243,2252402996619.2,967,0.168263727478766
3,243,2498857779190.97,967,0.186674908973703
7,244,8.84E+16,967,5832.4414959539
6,244,35408792848060800,967,2335.80385719052
5,244,4352500526562830,968,296.265091395859
4,244,2565903877861.85,968,0.174655406070232
3,244,2846661487964.34,968,0.193765956088427
7,245,1.01E+17,968,6054.77101799209
6,245,40337168355582200,968,2424.84343958571
5,245,4958303641162950,970,317.373932666179
4,245,2923039402943.74,970,0.187099576344797
3,245,3242874282218.24,969,0.201164987040569
7,246,1.15E+17,969,6286.78098858789
6,246,45951500180432600,969,2517.75989397283
5,246,5648425508034170,971,329.576865878125
4,246,3329882863064.01,971,0.194293499345778
3,246,3694233984172.32,970,0.208886534231885
7,247,1.31E+17,970,6528.92916513613
6,247,52347263204461100,970,2614.73654520637
5,247,6434602039081300,972,342.314203750159
4,247,3793352860916.22,972,0.20180246676348
3,247,4208416220340.96,971,0.216945862012065
7,248,1.49E+17,971,6781.69640399472
6,248,59633220988157800,971,2715.96596892315
5,248,7330202609994040,973,355.61133807753
4,248,4321330965432.4,973,0.20964144767269
3,248,4794164949894.71,972,0.225359005549276
7,249,1.70E+17,972,7045.58788925421
6,249,67933275356397300,972,2821.65048364591
5,249,8350457414027580,974,369.494947155983
4,249,4922795742311.86,974,0.21782616957122
3,249,5461441160621.88,973,0.234142811860093
7,250,1.93E+17,973,7321.13442987463
6,250,77388573418909400,973,2932.00267026677
5,250,9512716460035870,975,383.993064462179
4,250,5607975439599.05,975,0.226373158868666
3,250,6221592261148.63,974,0.243314983123526
7,240,9.40E+16,974,12633.8123712603
6,240,3.33E+17,974,44747.7884738879
5,240,15739803688783300,953,1101.4008335129
4,240,1523572890642.43,953,0.10661279421592
3,240,1690280103365.52,975,0.234280830236199
7,241,1.07E+17,975,13114.5757093697
6,241,3.79E+17,975,46450.6075064594
5,241,17930549454273000,954,1141.75726366423
4,241,1735631498525.1,954,0.110519193822765
3,241,1925541867244.98,953,0.11876441414102
7,242,1.22E+17,953,6629.29004944077
6,242,4.32E+17,953,23480.3288308479
5,242,20426214334632700,955,1183.82622907171
4,242,1977205499765.92,955,0.114591362478711
3,242,2193548557502.9,954,0.123132350192506
7,243,1.39E+17,954,6874.01245588801
6,243,4.92E+17,954,24347.1128352893
5,243,23269238519900800,956,1227.6869972814
4,243,2252402996619.2,956,0.118836973080236
3,243,2498857779190.97,955,0.127686116697948
7,244,1.58E+17,955,7129.17310978195
6,244,5.60E+17,955,25250.8681414293
5,244,26507969241172100,957,1273.42276475677
4,244,2565903877861.85,957,0.123264078833014
3,244,2846661487964.34,956,0.132434334208485
7,245,1.80E+17,956,7395.25730749453
6,245,6.39E+17,956,26193.313623885
5,245,30197482942554200,958,1321.12086262631
4,245,2923039402943.74,958,0.127881133167753
3,245,3242874282218.24,957,0.137386051379088
7,246,2.05E+17,957,7672.77449207746
6,246,7.27E+17,957,27176.2536825672
5,246,34400521887188000,959,1370.87297372073
4,246,3329882863064.01,959,0.132697010748851
3,246,3694233984172.32,958,0.142550767426418
7,247,2.34E+17,958,7962.25952218091
6,247,8.29E+17,958,28201.5827370727
5,247,39188561124850300,960,1422.77536154472
4,247,3793352860916.22,960,0.137721029638272
3,247,4208416220340.96,959,0.147938455820936
7,248,2.67E+17,959,8264.27401082037
6,248,9.44E+17,959,29271.2899684728
5,248,44643023965519700,961,1476.92911186632
4,248,4321330965432.4,961,0.14296297468079
3,248,4794164949894.71,960,0.153559589283882
7,249,3.04E+17,960,8579.40773799646
6,249,1.08E+18,960,30387.4643226796
5,249,50856666628726200,962,1533.44038764787
4,249,4922795742311.86,962,0.148433122180644
3,249,5461441160621.88,961,0.159425166163921
7,250,3.46E+17,961,8908.28014140449
6,250,1.23E+18,961,31552.2997904027
5,250,57935155615421700,963,1592.42069808473
4,250,5607975439599.05,963,0.15414226594381
3,250,6221592261148.63,962,0.165546738272716
7,240,42510917635614700,962,3949.28794005884
6,240,121697001312016000,962,11305.719244701
5,240,1278363487605240,964,126.389205442343
4,240,1523572890642.43,964,0.150632561825213
3,240,1690280103365.52,963,0.16199801382459
7,241,48427802918222900,963,4096.3988869792
6,241,138635407633252000,963,11726.8572039857
5,241,1456292606201780,965,131.11421555139
4,241,1735631498525.1,965,0.15626390015735
3,241,1925541867244.98,964,0.16804334717677
7,242,55168230325883300,964,4249.81614677337
6,242,157931387317924000,964,12166.0483930936
5,242,1658986802611880,966,136.042232125509
4,242,1977205499765.92,966,0.162137184657229
3,242,2193548557502.9,965,0.174348121870856
7,243,62846824631485600,965,4409.83403266518
6,243,179913079392726000,965,12624.1353493961
5,243,1889893006061880,967,141.182746699118
4,243,2252402996619.2,967,0.168263727478766
3,243,2498857779190.97,966,0.180924456988867
7,244,71594164665594000,966,4576.76154353677
6,244,204954294939569000,966,13102.0026512426
5,244,2152937906882920,968,146.545725120447
4,244,2565903877861.85,968,0.174655406070232
3,244,2846661487964.34,967,0.187785076781203
7,245,81559003883169400,967,4750.92313739209
6,245,233480873964044000,967,13600.5791321737
5,245,2452594732096520,970,156.987085038474
4,245,2923039402943.74,970,0.187099576344797
3,245,3242874282218.24,968,0.194943342559887
7,246,92910800000038200,968,4932.65954747098
6,246,265977927045085000,968,14120.8402172292
5,246,2793959315165090,971,163.023191714815
4,246,3329882863064.01,971,0.194293499345778
3,246,3694233984172.32,969,0.202413286351448
7,247,105842596717008000,969,5122.32864346117
6,247,302998084914209000,969,14663.8103883607
5,247,3182836753516540,972,169.323638405199
4,247,3793352860916.22,972,0.20180246676348
3,247,4208416220340.96,970,0.210209646410454
7,248,120574306536963000,970,5320.30634040046
6,248,345170896253040000,970,15230.5657863667
5,248,3625840127502740,973,175.900985006675
4,248,4321330965432.4,973,0.20964144767269
3,248,4794164949894.71,971,0.218347904700702
7,249,137356450501119000,971,5526.98755801685
6,249,393213533524019000,971,15822.236957218
5,249,4130502959563970,974,182.768427775935
4,249,4922795742311.86,974,0.21782616957122
3,249,5461441160621.88,972,0.226844326457479
7,250,156474418440736000,972,5742.78723341617
6,250,447942988892949000,972,16440.011751103
5,250,4705407326030500,975,189.939833301667
4,250,5607975439599.05,975,0.226373158868666
3,250,6221592261148.63,973,0.235716001951027
7,249.709999999987,1.65E+17,973,6.48E+03
6,249.709999999987,96512343814826500,973,3790.00111443904
5,249.709999999987,9223409863547740,953,189.498615456418
4,249.71,5400000000000,953,0.110945142696865
3,211.699999999999,42300000000,974,0.187358035197297
7,249.709999999987,1.88E+17,974,7.63E+03
6,249.709999999987,68742898218637800,974,2786.42986061605
5,249.709999999987,8426930853577480,954,178.949802343241
4,249.71,5400000000000,954,0.11467151557814
3,211.699999999999,42300000000,975,0.192449643571794
7,249.709999999987,2.12E+17,975,8.89E+03
6,249.709999999987,2.58E+17,975,1.08E+04
5,249.709999999987,33809061633104800,955,742.014039538558
4,249.71,5400000000000,955,0.118514848385447
3,211.699999999999,42300000000,953,0.10531411043775
7,249.709999999987,1.86E+17,953,3.82E+03
6,249.709999999987,74518567522699700,953,1531.01353840472
5,249.709999999987,9159931144024310,956,207.758343994312
4,249.71,5400000000000,956,0.12247854704665
3,211.699999999999,42300000000,954,0.108305355569217
7,249.709999999987,3.33E+17,954,7.07E+03
6,249.709999999987,1.18E+18,954,2.50E+04
5,249.709999999987,55786592450753600,957,1307.53554121571
4,249.71,5400000000000,957,0.126566108671833
3,211.699999999999,42300000000,955,0.111375028515514
7,244.857572887623,80059219544751100,955,3237.48744893659
6,230.533960514382,35445093399342900,955,8706.12432465539
5,239.548436327989,1205309095965620,958,104.550405364472
4,249.71,5400000000000,958,0.130781123770624
3,211.699999999999,42300000000,956,0.114525008028689
7,249.709999999987,3.35E+17,956,7.60E+03
6,249.709999999987,1.18E+18,956,2.68E+04
5,249.709999999987,55799101557817200,959,1396.29272912073
4,249.71,5400000000000,959,0.135127278517683
3,211.699999999999,42300000000,957,0.117757213418907
3,240,1690280103365.52,983,0.298113394910297
3,241,1925541867244.98,984,0.309635557931872
3,241,1925541867244.98,985,0.319035755300252
3,242,2193548557502.9,986,0.331449682725316
3,243,2498857779190.97,987,0.344410943875136
3,244,2846661487964.34,988,0.357945674207865
3,245,3242874282218.24,990,0.383450131160509
3,246,3694233984172.32,991,0.398691406837069
3,247,4208416220340.96,992,0.414614830238737
3,248,4794164949894.71,983,0.317699509125573
3,249,5461441160621.88,984,0.330307103512758
3,250,6221592261148.63,985,0.343478753551756
4,240,1523572890642.43,983,0.268711372699919
4,241,1735631498525.1,984,0.279097139642499
4,242,1977205499765.92,985,0.289938705561293
4,243,2252402996619.2,986,0.301257751142923
4,244,2565903877861.85,987,0.313077055899492
4,245,2923039402943.74,988,0.325420556819108
4,246,3329882863064.01,983,0.281846299831489
4,247,3793352860916.22,984,0.29295822763428
4,248,4321330965432.4,985,0.304564917157103
4,249,4922795742311.86,986,0.316690196578907
4,250,5607975439599.05,987,0.329359115006131
6,240,27230294564607500,983,4802.58599796528
6,241,31020345170700000,984,4988.2072405476
6,242,35337914256721800,985,5181.97482155643
6,243,40256424522152900,986,5384.27623245119
6,244,45859518010447800,987,5595.51860362157
6,245,52242478489198000,988,5816.129752628
6,246,59513851804384600,983,5037.34203561471
6,247,67797291763763300,984,5235.94170164254
6,248,77233662939661700,985,5443.3840738241
6,249,87983436150550000,986,5660.09502501114
6,250,100229417357889000,987,5886.52224927267
5,240,2602321708779470,983,458.969467668904
5,241,2964526052408820,984,476.708761235359
5,242,3377143834969020,985,495.22657716719
5,243,3847191854766140,986,514.559946919731
5,244,4382663543708590,987,534.747778784952
5,245,4992664900128820,988,555.830958068822
5,246,5687569341425030,983,481.40443368048
5,247,6479194109879810,984,500.384038217419
5,248,7381001231535350,985,520.208715000403
5,249,8408326445545710,986,540.91916348513
5,250,9578639997077570,987,562.558168518897
7,240,4.65E+16,983,8209.79289052869
7,241,5.30E+16,984,8527.1035973706
7,242,6.04E+16,985,8858.34008322535
7,243,6.88E+16,986,9204.16474635713
7,244,7.84E+16,987,9565.2735568496
7,245,8.93E+16,988,9942.39784852323
7,246,1.02E+17,983,8611.09719819117
7,247,1.16E+17,984,8950.59390411324
7,248,1.32E+17,985,9305.20679663659
7,249,1.50E+17,986,9675.66388519448
7,250,1.71E+17,987,10062.7304815557
7,240,5.31E+16,988,10873.8897462669
6,240,19395336324127000,988,3968.83021657392
5,240,2377600629601980,988,486.523825316252
4,240,1523572890642.43,988,0.311765778354283
3,240,1690280103365.52,986,0.325975888466915
7,241,6.05E+16,983,9447.06519017237
6,241,22094877675624900,983,3448.05756353854
5,241,2708527152849410,983,422.684283323047
4,241,1735631498525.1,983,0.270857227809293
3,241,1925541867244.98,987,0.338639380538566
7,242,6.90E+16,984,9813.41701480441
6,242,25170154894068500,984,3581.77127826475
5,242,3085513709234950,984,439.075739857058
4,242,1977205499765.92,984,0.281360917328227
3,242,2193548557502.9,988,0.351860488779595
7,243,7.86E+16,985,10195.8857109832
6,243,28673464804483400,985,3721.36744428337
5,243,3514971167950530,985,456.188303757435
4,243,2252402996619.2,985,0.29232669439078
3,243,2498857779190.97,990,0.376746003361033
7,244,8.95E+16,986,10595.2394916886
6,244,32664383169437700,986,3867.12644947383
5,244,4004202695500870,986,474.056346709589
4,244,2565903877861.85,986,0.303776584465588
3,244,2846661487964.34,991,0.391624769014938
7,245,1.02E+17,987,11012.2855756687
6,245,37210777808512900,987,4019.34291832044
5,245,4561527950172410,987,492.715985610271
4,245,2923039402943.74,987,0.315733731357416
3,245,3242874282218.24,992,0.407166310477937
7,246,1.16E+17,988,11447.8722728386
6,246,42389962728885700,988,4178.32647305609
5,246,5196424562518620,988,512.205175873275
4,246,3329882863064.01,988,0.328222456997709
3,246,3694233984172.32,983,0.312685527379974
7,247,1.32E+17,983,9908.8488193256
6,247,48290012893663700,983,3616.60266227212
5,247,5919689307817680,983,443.345586956478
4,247,3793352860916.22,983,0.284097046855982
3,247,4208416220340.96,984,0.325013306766474
7,248,1.51E+17,984,10300.7908263615
6,248,55011261986346300,984,3759.65646518589
5,248,6743621711330310,984,460.882009434062
4,248,4321330965432.4,984,0.295334433637031
3,248,4794164949894.71,985,0.337889984007755
7,249,1.72E+17,985,10710.2260834659
6,249,62668008641751900,985,3909.09507988993
5,249,7682233208669970,985,479.201121743819
4,249,4922795742311.86,985,0.307073370171739
3,249,5461441160621.88,986,0.351341994528748
7,250,1.96E+17,986,11137.9988222496
6,250,71390460158820500,986,4065.22664008848
5,250,8751485418174440,986,498.340696826465
4,250,5607975439599.05,986,0.319338061462309
3,250,6221592261148.63,987,0.365397128274052
7,240,6.00E+16,987,11910.6869482194
6,240,7.27E+16,987,14437.3626969169
5,240,9538994400434200,987,1895.01056061524
4,240,1523572890642.43,987,0.302672021434783
3,240,1690280103365.52,988,0.345878753356071
7,241,6.83E+16,988,12374.1758465395
6,241,8.28E+16,988,14999.1738972392
5,241,10866680056683700,988,1968.7524330079
4,241,1735631498525.1,988,0.314450109665716
3,241,1925541867244.98,990,0.370159088533726
7,242,7.78E+16,983,10743.8353407914
6,242,9.43E+16,983,13022.9808108715
5,242,12379159741298700,983,1709.36248436575
4,242,1977205499765.92,983,0.273020219127322
3,242,2193548557502.9,991,0.384683384381748
7,243,8.86E+16,984,11161.8630528739
6,243,1.07E+17,984,13529.68690792
5,243,14102154025077300,984,1775.87140467153
4,243,2252402996619.2,984,0.283643056683362
3,243,2498857779190.97,992,0.39985160273393
7,244,1.01E+17,985,11598.325384196
6,244,1.22E+17,985,14058.7382555235
5,244,16064963398407500,985,1845.31330426656
4,244,2565903877861.85,985,0.294734351138141
3,244,2846661487964.34,983,0.30775067705329
7,245,1.15E+17,986,12054.1028471329
6,245,1.39E+17,986,14611.2021537106
5,245,18300966542645600,986,1917.82827416802
4,245,2923039402943.74,986,0.30631647789802
3,245,3242874282218.24,984,0.319804353136466
7,246,1.31E+17,987,12530.12074331
6,246,1.59E+17,987,15188.200193136
5,246,20848187953433500,987,1993.56353143898
4,246,3329882863064.01,987,0.31841295054493
3,246,3694233984172.32,985,0.332392149768171
7,247,1.49E+17,988,13027.351562164
6,247,1.81E+17,988,15790.9111624604
5,247,23749944568712600,988,2072.67380080365
4,247,3793352860916.22,988,0.331048481788133
3,247,4208416220340.96,986,0.345539684577589
7,248,1.70E+17,983,11269.0066161899
6,248,2.06E+17,983,13659.5593905868
5,248,27055582397702800,983,1792.91812790994
4,248,4321330965432.4,983,0.286365767727112
3,248,4794164949894.71,987,0.35927388304524
7,249,1.94E+17,984,11716.2061254195
6,249,2.35E+17,984,14201.625649292
5,249,30821315677646100,984,1864.06833078037
4,249,4922795742311.86,984,0.29772991322364
3,249,5461441160621.88,988,0.37362304877268
7,250,2.21E+17,985,12183.4130526324
6,250,2.67E+17,985,14767.9436032445
5,250,35111182828641300,985,1938.40174789645
4,250,5607975439599.05,985,0.309602483269568
3,250,6221592261148.63,990,0.400737036872054
7,240,5.25E+16,986,10124.5281635989
6,240,21024901727275000,986,4054.71910059865
5,240,2584411624298220,986,498.411993205989
4,240,1523572890642.43,986,0.293825872813858
3,240,1690280103365.52,991,0.377865032877302
7,241,5.98E+16,987,10517.8452360116
6,241,23951254262515900,987,4212.23658885427
5,241,2944123151466020,987,517.774272895028
4,241,1735631498525.1,987,0.305240402975349
3,241,1925541867244.98,992,0.392668303085345
7,242,6.81E+16,988,10928.4813826598
6,242,27284911396446200,988,4376.69010217424
5,242,3353901154717160,988,537.98913891409
4,242,1977205499765.92,988,0.317157553310475
3,242,2193548557502.9,983,0.30289370928149
7,243,7.76E+16,983,9482.74234375315
6,243,31082563850404300,983,3797.69366887751
5,243,3820714140307560,983,466.818051788481
4,243,2252402996619.2,983,0.275200483499053
3,243,2498857779190.97,984,0.314678882851155
7,244,8.84E+16,984,9852.92780163844
6,244,35408792848060800,984,3945.94729834024
5,244,4352500526562830,984,485.041604426107
4,244,2565903877861.85,984,0.285943706640771
3,244,2846661487964.34,985,0.32698377121759
7,245,1.01E+17,985,10239.4774396801
6,245,40337168355582200,985,4100.7545323536
5,245,4958303641162950,985,504.070735705733
4,245,2923039402943.74,985,0.29716183779199
3,245,3242874282218.24,986,0.339833198072794
7,246,1.15E+17,986,10643.1744983639
6,246,45951500180432600,986,4262.42904678535
5,246,5648425508034170,986,523.94400312311
4,246,3329882863064.01,986,0.308877607525004
3,246,3694233984172.32,987,0.353253249821914
7,247,1.31E+17,987,11064.8421320799
6,247,52347263204461100,987,4431.30050241329
5,247,6434602039081300,987,544.701929062465
4,247,3793352860916.22,987,0.32111490476118
3,247,4208416220340.96,988,0.367271343204261
7,248,1.49E+17,988,11505.3455501271
6,248,59633220988157800,988,4607.71540236451
5,248,7330202609994040,988,566.387106194203
4,248,4321330965432.4,988,0.333898838905443
3,248,4794164949894.71,990,0.39373066996577
7,249,1.70E+17,983,9946.26991402745
6,249,67933275356397300,983,3983.32939060946
5,249,8350457414027580,983,489.63666579925
4,249,4922795742311.86,983,0.288652605979072
3,249,5461441160621.88,991,0.409531168443186
7,250,1.93E+17,984,10342.2638779956
6,250,77388573418909400,984,4141.91893310256
5,250,9512716460035870,984,509.130723960749
4,250,5607975439599.05,984,0.300144822723582
3,250,6221592261148.63,992,0.426043874409957
7,240,9.40E+16,985,17590.4199061675
6,240,3.33E+17,985,62303.6313978065
5,240,15739803688783300,985,2946.57643024912
4,240,1523572890642.43,985,0.285221090307038
3,240,1690280103365.52,983,0.298113394910297
7,241,1.07E+17,986,18272.6136150906
6,241,3.79E+17,986,64719.8980707665
5,241,17930549454273000,986,3060.85089977854
4,241,1735631498525.1,986,0.296282567775886
3,241,1925541867244.98,984,0.309635557931872
7,242,1.22E+17,987,18984.8132861584
6,242,4.32E+17,987,67242.4430710875
5,242,20426214334632700,987,3180.151676883
4,242,1977205499765.92,987,0.307830579010516
3,242,2193548557502.9,985,0.321663392815531
7,243,1.39E+17,988,19728.448761622
6,243,4.92E+17,988,69876.3307670474
5,243,23269238519900800,988,3304.71827486003
4,243,2252402996619.2,988,0.319888308287825
3,243,2498857779190.97,986,0.334220952518268
7,244,1.58E+17,983,17107.9568146015
6,244,5.60E+17,983,60594.7919965689
5,244,26507969241172100,983,2865.75889538317
4,244,2565903877861.85,983,0.277398158862344
3,244,2846661487964.34,987,0.347333509054514
7,245,1.80E+17,984,17778.0244546231
6,245,6.39E+17,984,62968.1092612051
5,245,30197482942554200,984,2978.00212353193
4,245,2923039402943.74,984,0.288263017341328
3,245,3242874282218.24,988,0.361027618564106
7,246,2.05E+17,985,18477.7840237268
6,246,7.27E+17,985,65446.5925772992
5,246,34400521887188000,985,3095.21905548473
4,246,3329882863064.01,985,0.299609317675101
3,246,3694233984172.32,990,0.386846800290109
7,247,2.34E+17,986,19208.6596139666
6,247,8.29E+17,986,68035.2859464657
5,247,39188561124850300,986,3217.64824132182
4,247,3793352860916.22,986,0.311460150903583
3,247,4208416220340.96,991,0.40227240039694
7,248,2.67E+17,987,19972.1480212628
6,248,9.44E+17,987,70739.4908806526
5,248,44643023965519700,987,3345.54040976963
4,248,4321330965432.4,987,0.323839786928614
3,248,4794164949894.71,992,0.418390032853729
7,249,3.04E+17,988,20769.8226517173
6,249,1.08E+18,988,73564.780237946
5,249,50856666628726200,988,3479.15912254868
4,249,4922795742311.86,988,0.336773737853159
3,249,5461441160621.88,983,0.320236570017535
7,250,3.46E+17,983,17944.2138135965
6,250,1.23E+18,983,63556.7365150707
5,250,57935155615421700,983,3005.84055210391
4,250,5607975439599.05,983,0.290957706292283
3,250,6221592261148.63,984,0.33298624902936
7,240,42510917635614700,984,7724.74662177476
6,240,121697001312016000,984,22113.8133931397
5,240,1278363487605240,984,232.294068947731
4,240,1523572890642.43,984,0.276851575891595
3,240,1690280103365.52,985,0.316429582704719
7,241,48427802918222900,985,8023.81965532266
6,241,138635407633252000,985,22969.9767831668
5,241,1456292606201780,985,241.287618545791
4,241,1735631498525.1,985,0.28757022398434
3,241,1925541867244.98,986,0.328701391552365
7,242,55168230325883300,986,8336.03266975183
6,242,157931387317924000,986,23863.7563047545
5,242,1658986802611880,986,250.676305974807
4,242,1977205499765.92,986,0.298759803305288
3,242,2193548557502.9,987,0.341512970009309
7,243,62846824631485600,987,8662.01124815232
6,243,179913079392726000,987,24796.9428292924
5,243,1889893006061880,987,260.478943404104
4,243,2252402996619.2,987,0.310442734481656
3,243,2498857779190.97,988,0.354890039143565
7,244,71594164665594000,988,9002.4127030646
6,244,204954294939569000,988,25771.4180608118
5,244,2152937906882920,988,270.715297152511
4,244,2565903877861.85,988,0.32264257531043
3,244,2846661487964.34,990,0.380083286140005
7,245,81559003883169400,983,7801.80693746459
6,245,233480873964044000,983,22334.4157668639
5,245,2452594732096520,983,234.611381755833
4,245,2923039402943.74,983,0.279613384256583
3,245,3242874282218.24,991,0.395142290967202
7,246,92910800000038200,984,8108.38864969299
6,246,265977927045085000,984,23212.0744275192
5,246,2793959315165090,984,243.830727953901
4,246,3329882863064.01,984,0.290601140143711
3,246,3694233984172.32,992,0.410873691902684
7,247,105842596717008000,985,8428.58825583836
6,247,302998084914209000,985,24128.7173525953
5,247,3182836753516540,985,253.459583504619
4,247,3793352860916.22,985,0.302076955455417
3,247,4208416220340.96,983,0.315182547992887
7,248,120574306536963000,986,8763.06025274499
6,248,345170896253040000,986,25086.2181855644
5,248,3625840127502740,986,263.517630054847
4,248,4321330965432.4,986,0.314064287075357
3,248,4794164949894.71,984,0.327649513903405
7,249,137356450501119000,987,9112.49261198016
6,249,393213533524019000,987,26086.5463987732
5,249,4130502959563970,987,274.025555883757
4,249,4922795742311.86,987,0.326587791606764
3,249,5461441160621.88,985,0.340672908439468
7,250,156474418440736000,988,9477.6085813675
6,250,447942988892949000,988,27131.7724507355
5,250,4705407326030500,988,285.005110077509
4,250,5607975439599.05,988,0.339673389938641
3,250,6221592261148.63,986,0.354279585080736
7,249.709999999987,1.65E+17,983,8.87E+03
6,249.709999999987,96512343814826500,983,5188.2058197742
5,249.709999999987,9223409863547740,983,495.822055923066
4,249.71,5400000000000,983,0.290287338586344
3,211.699999999999,42300000000,987,0.264371144023851
7,249.709999999987,1.88E+17,984,1.04E+04
6,249.709999999987,68742898218637800,984,3811.95269881538
5,249.709999999987,8426930853577480,984,467.292806128967
4,249.71,5400000000000,984,0.299442489435067
3,211.699999999999,42300000000,988,0.271365266504238
7,249.709999999987,2.12E+17,985,1.22E+04
6,249.709999999987,2.58E+17,985,1.47E+04
5,249.709999999987,33809061633104800,985,1933.7963294064
4,249.71,5400000000000,985,0.308866903556797
3,211.699999999999,42300000000,990,0.285868266622947
7,249.709999999987,1.86E+17,986,1.10E+04
6,249.709999999987,74518567522699700,986,4396.15264479109
5,249.709999999987,9159931144024310,986,540.381503074925
4,249.71,5400000000000,986,0.318567909596529
3,211.699999999999,42300000000,991,0.293384771364393
7,249.709999999987,3.33E+17,987,2.03E+04
6,249.709999999987,1.18E+18,987,7.18E+04
5,249.709999999987,55786592450753600,987,3394.23210522571
4,249.71,5400000000000,987,0.328553018977989
3,211.699999999999,42300000000,992,0.301083157055468
7,244.857572887623,80059219544751100,988,9068.84390865497
6,230.533960514382,35445093399342900,988,22961.4917183755
5,239.548436327989,1205309095965620,988,260.578303805451
4,249.71,5400000000000,988,0.338829930026313
3,211.699999999999,42300000000,983,0.238024953266013
7,249.709999999987,3.35E+17,983,1.80E+04
6,249.709999999987,1.18E+18,983,6.34E+04
5,249.709999999987,55799101557817200,983,2999.587534584
4,249.71,5400000000000,983,0.290287338586344
3,211.699999999999,42300000000,984,0.244374073773351
3,240,1690280103365.52,998,0.463520047329772
3,241,1925541867244.98,999,0.481890603623261
3,241,1925541867244.98,1000,0.496078108698272
3,242,2193548557502.9,1001,0.515865439823329
3,243,2498857779190.97,1002,0.536539699991155
3,244,2846661487964.34,1003,0.55814380911688
3,245,3242874282218.24,1004,0.580722893804228
3,246,3694233984172.32,1005,0.604324406597199
3,247,4208416220340.96,998,0.496409478962032
3,248,4794164949894.71,999,0.516519541537858
3,249,5461441160621.88,1000,0.537541678598783
3,250,6221592261148.63,1001,0.559520481615036
4,240,1523572890642.43,998,0.417804467422179
4,241,1735631498525.1,999,0.434363191327792
4,242,1977205499765.92,1000,0.451660779653833
4,243,2252402996619.2,1001,0.469732852359573
4,244,2565903877861.85,1002,0.4886168548462
4,245,2923039402943.74,1003,0.508352156322951
4,246,3329882863064.01,1004,0.528980153706088
4,247,3793352860916.22,1005,0.550544381373779
4,248,4321330965432.4,998,0.451853552042558
4,249,4922795742311.86,999,0.47021533153014
4,250,5607975439599.05,1000,0.489411827281471
6,240,27230294564607500,990,5910.87749784263
6,241,31020345170700000,991,6142.05535986743
6,242,35337914256721800,992,6383.45797261174
6,243,40256424522152900,998,7689.91280114211
6,244,45859518010447800,999,7997.57887386208
6,245,52242478489198000,1000,8319.06969864833
6,246,59513851804384600,1001,8655.05578024784
6,247,67797291763763300,1002,9006.24216831803
6,248,77233662939661700,1003,9373.37032791216
6,249,87983436150550000,1004,9757.22011564232
6,250,100229417357889000,1005,10158.6118677145
5,240,2602321708779470,990,564.885730269135
5,241,2964526052408820,991,586.978740225712
5,242,3377143834969020,992,610.048900491883
5,243,3847191854766140,998,734.903068108683
5,244,4382663543708590,999,764.305838548587
5,245,4992664900128820,1000,795.0298011752
5,246,5687569341425030,1001,827.139034217819
5,247,6479194109879810,1002,860.700917264461
5,248,7381001231535350,1003,895.786310018816
5,249,8408326445545710,1004,932.469741156535
5,250,9578639997077570,1005,970.829607872787
7,240,4.65E+16,990,10104.3646233787
7,241,5.30E+16,991,10499.5522095881
7,242,6.04E+16,992,10912.2185220087
7,243,6.88E+16,998,13145.5410627419
7,244,7.84E+16,999,13671.4816159238
7,245,8.93E+16,1000,14221.0549268064
7,246,1.02E+17,1001,14795.4071914407
7,247,1.16E+17,1002,15395.7436587628
7,248,1.32E+17,1003,16023.3318281003
7,249,1.50E+17,1004,16679.5048273289
7,250,1.71E+17,1005,17365.6649822695
7,240,5.31E+16,990,11535.0462179879
6,240,19395336324127000,990,4210.14384436295
5,240,2377600629601980,990,516.10554660092
4,240,1523572890642.43,1001,0.455639222238757
3,240,1690280103365.52,1002,0.52025443162516
7,241,6.05E+16,991,11986.188594734
6,241,22094877675624900,991,4374.80502252338
5,241,2708527152849410,991,536.290735159792
4,241,1735631498525.1,1002,0.473786159914493
3,241,1925541867244.98,1003,0.541008525696146
7,242,6.90E+16,992,12457.2845185059
6,242,25170154894068500,992,4546.74898929134
5,242,3085513709234950,992,557.368693118954
4,242,1977205499765.92,1003,0.492745500593994
3,242,2193548557502.9,1004,0.562692758853278
7,243,7.86E+16,998,15006.8242161754
6,243,28673464804483400,998,5477.29826159193
5,243,3514971167950530,998,671.441194813361
4,243,2252402996619.2,1004,0.512556514033101
3,243,2498857779190.97,1005,0.585352131871513
7,244,8.95E+16,999,15607.2329321109
6,244,32664383169437700,999,5696.43973807391
5,244,4004202695500870,999,698.304916264135
4,244,2565903877861.85,1005,0.53326048693218
3,244,2846661487964.34,998,0.482037508239333
7,245,1.02E+17,1000,16234.6205786865
6,245,37210777808512900,1000,5925.42817802838
5,245,4561527950172410,1000,726.375739574895
4,245,2923039402943.74,998,0.438771557648572
3,245,3242874282218.24,999,0.501383852602142
7,246,1.16E+17,1001,16890.2956423747
6,246,42389962728885700,1001,6164.74116222642
5,246,5196424562518620,1001,755.712209558836
4,246,3329882863064.01,999,0.4564365053319
3,246,3694233984172.32,1000,0.521601537587596
7,247,1.32E+17,1002,17575.634023858
6,247,48290012893663700,1002,6414.88087676077
5,247,5919689307817680,1002,786.375887302104
4,247,3793352860916.22,1000,0.474898918143439
3,247,4208416220340.96,1001,0.542732908267139
7,248,1.51E+17,1003,18292.0826882719
6,248,55011261986346300,1003,6676.37544533738
5,248,6743621711330310,1003,818.431513484354
4,248,4321330965432.4,1001,0.494197628662702
3,248,4794164949894.71,1002,0.564822495225676
7,249,1.72E+17,1004,19041.1635216757
6,249,62668008641751900,1004,6949.78033683817
5,249,7682233208669970,1004,851.947180926526
4,249,4922795742311.86,1002,0.514373477243349
3,249,5461441160621.88,1003,0.587917133089548
7,250,1.96E+17,1005,19824.4774058431
6,250,71390460158820500,1005,7235.67985256689
5,250,8751485418174440,1005,886.994516906668
4,250,5607975439599.05,1003,0.535469421076554
3,250,6221592261148.63,1004,0.612066085760862
7,240,6.00E+16,990,13014.4970344091
6,240,7.27E+16,990,15775.3297371151
5,240,9538994400434200,990,2070.62862356466
4,240,1523572890642.43,1004,0.496642791297862
3,240,1690280103365.52,1005,0.566975476327074
7,241,6.83E+16,991,13523.5015943651
6,241,8.28E+16,991,16392.312072258
5,241,10866680056683700,991,2151.61211517275
4,241,1735631498525.1,1005,0.516519206341847
3,241,1925541867244.98,998,0.46808163259783
7,242,7.78E+16,992,14055.0188841086
6,242,9.43E+16,992,17036.5828792291
5,242,12379159741298700,992,2236.17742039759
4,242,1977205499765.92,998,0.426068311139936
3,242,2193548557502.9,999,0.486691688182223
7,243,8.86E+16,998,16931.5549817868
6,243,1.07E+17,998,20523.3334867718
5,243,14102154025077300,998,2693.83920823478
4,243,2252402996619.2,999,0.443061443193807
3,243,2498857779190.97,1000,0.506134081961697
7,244,1.01E+17,999,17608.9703388914
6,244,1.22E+17,999,21344.4524742406
5,244,16064963398407500,999,2801.61714423603
4,244,2565903877861.85,1000,0.460816371575144
3,244,2846661487964.34,1001,0.526449020893517
7,245,1.15E+17,1000,18316.8248642639
6,245,1.39E+17,1000,22202.4678484911
5,245,18300966542645600,1000,2914.23800370382
4,245,2923039402943.74,1001,0.479369969600809
3,245,3242874282218.24,1002,0.5476787761047
7,246,1.31E+17,1001,19056.5948669709
6,246,1.59E+17,1001,23099.1690956829
5,246,20848187953433500,1001,3031.93666992268
4,246,3329882863064.01,1002,0.49876100696874
3,246,3694233984172.32,1003,0.569867794301152
7,247,1.49E+17,1002,19829.8327166357
6,247,1.81E+17,1002,24036.4378976528
5,247,23749944568712600,1002,3154.96012754127
4,247,3793352860916.22,1003,0.519030252275594
3,247,4208416220340.96,1004,0.593062815452582
7,248,1.70E+17,1003,20638.1709618505
6,248,2.06E+17,1003,25016.2531239862
5,248,27055582397702800,1003,3283.56811781846
4,248,4321330965432.4,1004,0.540220581317797
3,248,4794164949894.71,1005,0.617312997120024
7,249,1.94E+17,1004,21483.3266812672
6,249,2.35E+17,1004,26040.696106128
5,249,30821315677646100,1004,3418.03383088955
4,249,4922795742311.86,1005,0.562377091514627
3,249,5461441160621.88,998,0.506228067976805
7,250,2.21E+17,1005,22367.1060810073
6,250,2.67E+17,1005,27111.956210065
5,250,35111182828641300,1005,3558.64463722193
4,250,5607975439599.05,998,0.460790859870862
3,250,6221592261148.63,999,0.526862998708529
7,240,5.25E+16,990,11395.8733455954
6,240,21024901727275000,990,4563.87345422364
5,240,2584411624298220,990,560.997989903583
4,240,1523572890642.43,999,0.430078313526295
3,240,1690280103365.52,1000,0.491125294814124
7,241,5.98E+16,991,11841.5725902341
6,241,23951254262515900,991,4742.36920347311
5,241,2944123151466020,991,582.938948069855
4,241,1735631498525.1,1000,0.447151425700959
3,241,1925541867244.98,1001,0.510653707151526
7,242,6.81E+16,992,12306.9846379603
6,242,27284911396446200,992,4928.75962968073
5,242,3353901154717160,992,605.850331456916
4,242,1977205499765.92,1001,0.464987192222893
3,242,2193548557502.9,1002,0.531055410028767
7,243,7.76E+16,998,14825.7635778229
6,243,31082563850404300,998,5937.49217628626
5,243,3820714140307560,998,729.845209201021
4,243,2252402996619.2,1002,0.483622412659479
3,243,2498857779190.97,1003,0.552372578895736
7,244,8.84E+16,999,15418.9282304034
6,244,35408792848060800,999,6175.04557213388
5,244,4352500526562830,999,759.045619532724
4,244,2565903877861.85,1003,0.503095773864464
3,244,2846661487964.34,1004,0.574649553790114
7,245,1.01E+17,1000,16038.7463068857
6,245,40337168355582200,1000,6423.27325771086
5,245,4958303641162950,1000,789.558129146288
4,245,2923039402943.74,1004,0.523447951741175
3,245,3242874282218.24,1005,0.597932956126735
7,246,1.15E+17,1001,16686.5105065647
6,246,45951500180432600,1001,6682.6929393673
5,246,5648425508034170,1001,821.446375262318
4,246,3329882863064.01,1005,0.544721718732766
3,246,3694233984172.32,998,0.491571830978302
7,247,1.31E+17,1002,17363.5801295784
6,247,52347263204461100,1002,6953.84899607517
5,247,6434602039081300,1002,854.77727373903
4,247,3793352860916.22,998,0.447450113918151
3,247,4208416220340.96,999,0.511424213108188
7,248,1.49E+17,1003,18071.3846831093
6,248,59633220988157800,1003,7237.31392365676
5,248,7330202609994040,1003,889.621196598958
4,248,4321330965432.4,999,0.465576781864278
3,248,4794164949894.71,1000,0.532174894936315
7,249,1.70E+17,1004,18811.4276913265
6,249,67933275356397300,1004,7533.68986060867
5,249,8350457414027580,1004,926.05215958544
4,249,4922795742311.86,1000,0.484525569148482
3,249,5461441160621.88,1001,0.553867706783728
7,250,1.93E+17,1005,19585.2907210123
6,250,77388573418909400,1005,7843.61020030366
5,250,9512716460035870,1005,964.148020336842
4,250,5607975439599.05,1001,0.504336669319191
3,250,6221592261148.63,1002,0.576548749154441
7,240,9.40E+16,990,20396.5834674645
6,240,3.33E+17,990,72242.8017585838
5,240,15739803688783300,990,3416.63771663392
4,240,1523572890642.43,1002,0.468943311042022
3,240,1690280103365.52,1003,0.535414475018892
7,241,1.07E+17,991,21194.3057278803
6,241,3.79E+17,991,75068.2598167702
5,241,17930549454273000,991,3550.26440792181
4,241,1735631498525.1,1003,0.487650491605432
3,241,1925541867244.98,1004,0.556807982336876
7,242,1.22E+17,992,22027.3103945985
6,242,4.32E+17,992,78018.684876815
5,242,20426214334632700,992,3689.80126550297
4,242,1977205499765.92,1004,0.507196074451016
3,242,2193548557502.9,1005,0.579161335806029
7,243,1.39E+17,998,26535.4760546578
6,243,4.92E+17,998,93986.1883851371
5,243,23269238519900800,998,4444.96542579298
4,243,2252402996619.2,1005,0.527620622063451
3,243,2498857779190.97,998,0.477339919094397
7,244,1.58E+17,999,27597.1351289037
6,244,5.60E+17,999,97746.4860917743
5,244,26507969241172100,999,4622.80425066582
4,244,2565903877861.85,998,0.434495607186035
3,244,2846661487964.34,999,0.496437833733746
7,245,1.80E+17,1000,28706.4990844534
6,245,6.39E+17,1000,101675.750051434
5,245,30197482942554200,1000,4808.63413428586
4,245,2923039402943.74,999,0.451933880135896
3,245,3242874282218.24,1000,0.516393899330519
7,246,2.05E+17,1001,29865.8816227908
6,246,7.27E+17,1001,105782.175179597
5,246,34400521887188000,1001,5002.84264547154
4,246,3329882863064.01,1000,0.470157556018995
3,246,3694233984172.32,1001,0.537249736471317
7,247,2.34E+17,1002,31077.7156490461
6,247,8.29E+17,1002,110074.378599974
5,247,39188561124850300,1002,5205.83732087921
4,247,3793352860916.22,1001,0.489204803540495
3,247,4208416220340.96,1002,0.55904911006676
7,248,2.67E+17,1003,32344.5597264527
6,248,9.44E+17,1003,114561.422505593
5,248,44643023965519700,1003,5418.04674619135
4,248,4321330965432.4,1002,0.509115761368435
3,248,4794164949894.71,1003,0.581838045459098
7,249,3.04E+17,1004,33669.1048954677
6,249,1.08E+18,1004,119252.838311483
5,249,50856666628726200,1004,5639.92169838915
4,249,4922795742311.86,1003,0.529932644971655
3,249,5461441160621.88,1004,0.605664951089588
7,250,3.46E+17,1005,35054.1818789242
6,250,1.23E+18,1005,124158.652174665
5,250,57935155615421700,1005,5871.93635268985
4,250,5607975439599.05,1004,0.551699859502644
3,250,6221592261148.63,1005,0.630580748110183
7,240,42510917635614700,990,9227.84092066315
6,240,121697001312016000,990,26416.7567083566
5,240,1278363487605240,990,277.49424285592
4,240,1523572890642.43,1005,0.511056400457557
3,240,1690280103365.52,998,0.463520047329772
7,241,48427802918222900,991,9588.74715428457
6,241,138635407633252000,991,27449.9314509725
5,241,1456292606201780,991,288.34720433432
4,241,1735631498525.1,998,0.421916157336134
3,241,1925541867244.98,999,0.481890603623261
7,242,55168230325883300,992,9965.61588638904
6,242,157931387317924000,992,28528.80241251
5,242,1658986802611880,992,299.680180744569
4,242,1977205499765.92,999,0.438690759442183
3,242,2193548557502.9,1000,0.501080869847668
7,243,62846824631485600,998,12005.2043116458
6,243,179913079392726000,998,34367.580050575
5,243,1889893006061880,998,361.013492693736
4,243,2252402996619.2,1000,0.456215608745339
3,243,2498857779190.97,1001,0.521130363448335
7,244,71594164665594000,999,12485.5210796352
6,244,204954294939569000,999,35742.5941315511
5,244,2152937906882920,999,375.457298022648
4,244,2565903877861.85,1001,0.474526946712313
3,244,2846661487964.34,1002,0.542080627049829
7,245,81559003883169400,1000,12987.4205335933
6,245,233480873964044000,1000,37179.3934740256
5,245,2452594732096520,1000,390.550125279133
4,245,2923039402943.74,1002,0.493662875396753
3,245,3242874282218.24,1003,0.563975337585148
7,246,92910800000038200,1001,13511.9494404584
6,246,265977927045085000,1001,38680.9746822722
5,246,2793959315165090,1001,406.323452227223
4,246,3329882863064.01,1003,0.513663457860437
3,246,3694233984172.32,1004,0.586860421563172
7,247,105842596717008000,1002,14060.2084973915
6,247,302998084914209000,1002,40250.488747878
5,247,3182836753516540,1002,422.810378389102
4,247,3793352860916.22,1004,0.53457082425127
3,247,4208416220340.96,1005,0.610784176832782
7,248,120574306536963000,1003,14633.3552519075
6,248,345170896253040000,1003,41891.249409273
5,248,3625840127502740,1003,440.045712857605
4,248,4321330965432.4,1005,0.556429283868764
3,248,4794164949894.71,998,0.501294735121289
7,249,137356450501119000,1004,15232.6071869878
6,249,393213533524019000,1004,43606.741983552
5,249,4130502959563970,1004,458.066067069896
4,249,4922795742311.86,998,0.456300325204128
3,249,5461441160621.88,999,0.521665634814284
7,250,156474418440736000,1005,15859.2449808417
6,250,447942988892949000,1005,45400.632698273
5,250,4705407326030500,1005,476.909952833144
4,250,5607975439599.05,999,0.474900095147902
3,250,6221592261148.63,1000,0.542962584256023
7,249.709999999987,1.65E+17,990,1.10E+04
6,249.709999999987,96512343814826500,990,6439.35559317303
5,249.709999999987,9223409863547740,990,615.390876911222
4,249.71,5400000000000,1000,0.487989761323135
3,211.699999999999,42300000000,1001,0.379240855633004
7,249.709999999987,1.88E+17,991,1.30E+04
6,249.709999999987,68742898218637800,991,4729.14666347535
5,249.709999999987,8426930853577480,991,579.728131374137
4,249.71,5400000000000,1001,0.502853714011034
3,211.699999999999,42300000000,1002,0.388991841034917
7,249.709999999987,2.12E+17,992,1.51E+04
6,249.709999999987,2.58E+17,992,1.83E+04
5,249.709999999987,33809061633104800,992,2398.04128468397
4,249.71,5400000000000,1002,0.518139383853017
3,211.699999999999,42300000000,1003,0.39897334506287
7,249.709999999987,1.86E+17,998,1.58E+04
6,249.709999999987,74518567522699700,998,6340.75833744832
5,249.709999999987,9159931144024310,998,779.415274645908
4,249.71,5400000000000,1003,0.533857827084563
3,211.699999999999,42300000000,1004,0.40919032119917
7,249.709999999987,3.33E+17,999,2.92E+04
6,249.709999999987,1.18E+18,999,1.03E+05
5,249.709999999987,55786592450753600,999,4892.03713212276
4,249.71,5400000000000,1004,0.550020365054097
3,211.699999999999,42300000000,1005,0.419647818183955
7,244.857572887623,80059219544751100,1000,12968.873080479
6,230.533960514382,35445093399342900,1000,32156.0556336336
5,239.548436327989,1205309095965620,1000,369.76021014477
4,249.71,5400000000000,1005,0.56663858995766
3,211.699999999999,42300000000,998,0.351322872195251
7,249.709999999987,3.35E+17,1001,3.12E+04
6,249.709999999987,1.18E+18,1001,1.10E+05
5,249.709999999987,55799101557817200,1001,5196.07138090205
4,249.71,5400000000000,998,0.459484074378337
3,211.699999999999,42300000000,999,0.360411093607126
3,211.699999999999,42300000000,941,0.0749048057437736
3,211.699999999999,42300000000,942,0.0770876996450617
3,211.699999999999,42300000000,943,0.0793293747541679
3,211.699999999999,42300000000,944,0.0816312791000103
3,211.699999999999,42300000000,945,0.0839948929120351
3,211.699999999999,42300000000,946,0.0864217292546495
3,211.699999999999,42300000000,947,0.0889133346724207
3,211.699999999999,42300000000,948,0.0914712898461951
3,211.699999999999,42300000000,949,0.0940972102602817
3,211.699999999999,42300000000,950,0.0967927468808614
3,211.699999999999,42300000000,958,0.121073605328334
3,211.699999999999,42300000000,959,0.124476186517685
3,211.699999999999,42300000000,960,0.127967002665623
3,211.699999999999,42300000000,961,0.131548143181162
3,211.699999999999,42300000000,962,0.135221742029255
3,211.699999999999,42300000000,963,0.138989978569741
3,211.699999999999,42300000000,964,0.142855078409826
3,211.699999999999,42300000000,965,0.146819314270278
3,211.699999999999,42300000000,966,0.150885006865503
3,211.699999999999,42300000000,967,0.155054525797704
3,211.699999999999,42300000000,968,0.159330290465289
3,211.699999999999,42300000000,969,0.163714770985713
3,211.699999999999,42300000000,970,0.168210489132953
3,211.699999999999,42300000000,971,0.172820019289792
3,211.699999999999,42300000000,972,0.1775459894151
3,211.699999999999,42300000000,973,0.182391082026313
3,211.699999999999,42300000000,974,0.187358035197297
3,211.699999999999,42300000000,975,0.192449643571794
3,211.699999999999,42300000000,985,0.250879141761437
3,211.699999999999,42300000000,986,0.257543645686318
3,211.699999999999,42300000000,987,0.264371144023851
3,211.699999999999,42300000000,988,0.271365266504238
3,211.699999999999,42300000000,990,0.285868266622947
3,211.699999999999,42300000000,991,0.293384771364393
3,211.699999999999,42300000000,992,0.301083157055468
4,249.71,5400000000000,943,0.0794258928824829
4,249.71,5400000000000,944,0.082151425804874
4,249.71,5400000000000,945,0.0849644192702146
4,249.71,5400000000000,946,0.0878674793640372
4,249.71,5400000000000,947,0.090863283639436
4,249.71,5400000000000,948,0.0939545828998189
4,249.71,5400000000000,949,0.097144203021459
4,249.71,5400000000000,950,0.100435046816634
4,249.71,5400000000000,960,0.139608357067271
4,249.71,5400000000000,961,0.144228243917821
4,249.71,5400000000000,962,0.148990926327464
4,249.71,5400000000000,963,0.153900496781445
4,249.71,5400000000000,964,0.158961155512427
4,249.71,5400000000000,965,0.164177213074633
4,249.71,5400000000000,966,0.169553092972873
4,249.71,5400000000000,967,0.175093334347426
4,249.71,5400000000000,968,0.180802594715845
4,249.71,5400000000000,970,0.192747411248423
4,249.71,5400000000000,971,0.198992899828064
4,249.71,5400000000000,972,0.205427278131499
4,249.71,5400000000000,973,0.212055838755766
4,249.71,5400000000000,974,0.218884010380915
4,249.71,5400000000000,975,0.225917360940446
5,249.709999999987,55799101557817200,960,1442.59646191284
5,249.709999999987,55799101557817200,961,1490.33452405356
5,249.709999999987,55799101557817200,962,1539.54811654684
5,249.709999999987,55799101557817200,963,1590.27952772599
5,249.709999999987,55799101557817200,964,1642.57215929635
5,249.709999999987,55799101557817200,965,1696.47055293439
5,249.709999999987,55799101557817200,966,1752.02041745383
5,249.709999999987,55799101557817200,967,1809.26865654901
5,249.709999999987,55799101557817200,968,1868.2633971264
5,249.709999999987,55799101557817200,970,1991.69118060638
5,249.709999999987,55799101557817200,971,2056.2268568164
5,249.709999999987,55799101557817200,972,2122.7143620785
5,249.709999999987,55799101557817200,973,2191.2083856815
5,249.709999999987,55799101557817200,974,2261.76502308271
5,249.709999999987,55799101557817200,975,2334.44180866856
5,249.709999999987,55799101557817200,943,820.721011718021
5,249.709999999987,55799101557817200,923,411.592913719179
5,249.709999999987,55799101557817200,924,426.346236567278
5,249.709999999987,55799101557817200,925,441.594757758228
5,249.709999999987,55799101557817200,926,457.35393754344
5,249.709999999987,55799101557817200,927,473.639681341812
5,249.709999999987,55799101557817200,928,490.468351432203
5,249.709999999987,55799101557817200,929,507.856778921863
5,249.709999999987,55799101557817200,930,525.822275996527
5,249.709999999987,55799101557817200,931,544.382648458042
5,249.709999999987,55799101557817200,932,563.556208555379
5,249.709999999987,55799101557817200,934,603.818751977754
5,249.709999999987,55799101557817200,935,624.947011745246
5,249.709999999987,55799101557817200,936,646.767039847571
5,249.709999999987,55799101557817200,937,669.299883933345
5,249.709999999987,55799101557817200,938,692.567181591921
5,249.709999999987,55799101557817200,939,716.591175413348
5,249.709999999987,55799101557817200,940,741.394728393065
5,249.709999999987,55799101557817200,941,767.001339688238
5,249.709999999987,55799101557817200,942,793.435160732754
5,249.709999999987,55799101557817200,943,820.721011718021
5,249.709999999987,55799101557817200,944,848.884398446896
5,249.709999999987,55799101557817200,945,877.951529568059
5,249.709999999987,55799101557817200,946,907.949334198411
5,249.709999999987,55799101557817200,947,938.905479941114
5,249.709999999987,55799101557817200,948,970.848391307035
5,249.709999999987,55799101557817200,949,1003.80726854751
5,249.709999999987,55799101557817200,950,1037.81210690642
6,249.709999999987,68742898218637800,943,1011.10482784333
6,249.709999999987,2.58E+17,944,3.92E+03
6,249.709999999987,74518567522699700,945,1172.48644711573
6,249.709999999987,1.18E+18,946,1.92E+04
6,230.533960514382,35445093399342900,947,6812.4176225257
6,249.709999999987,1.18E+18,948,2.05E+04
6,249.709999999987,68742898218637800,949,1236.6618631196
6,249.709999999987,2.58E+17,950,4.79E+03
6,249.709999999987,74518567522699700,950,1385.97700330799
6,249.709999999987,1.18E+18,950,2.19E+04
6,230.533960514382,35445093399342900,950,7472.36122240956
6,249.709999999987,1.18E+18,950,2.19E+04
7,249.709999999987,1.65E+17,943,2.43E+03
7,249.709999999987,1.88E+17,944,2.87E+03
7,249.709999999987,2.12E+17,945,3.34E+03
7,249.709999999987,1.86E+17,946,3.03E+03
7,249.709999999987,3.33E+17,947,5.60E+03
7,244.857572887623,80059219544751100,948,2578.17939194229
7,249.709999999987,3.35E+17,949,6.03E+03
6,249.709999999987,96512343814826500,957,2262.07255471492
6,249.709999999987,68742898218637800,958,1664.8654593144
6,249.709999999987,2.58E+17,959,6.45E+03
6,249.709999999987,74518567522699700,960,1926.55829312361
6,249.709999999987,1.18E+18,961,3.15E+04
6,230.533960514382,35445093399342900,962,10754.2385543293
6,249.709999999987,1.18E+18,963,3.36E+04
6,249.709999999987,96512343814826500,964,2841.05809148932
6,249.709999999987,68742898218637800,965,2090.00323115322
6,249.709999999987,2.58E+17,966,8.09E+03
6,249.709999999987,74518567522699700,967,2416.24156636378
6,249.709999999987,1.18E+18,968,3.95E+04
6,230.533960514382,35445093399342900,969,13243.6838377498
6,249.709999999987,1.18E+18,970,4.21E+04
6,249.709999999987,96512343814826500,971,3556.53169721229
6,249.709999999987,68742898218637800,972,2615.12342073114
6,249.709999999987,2.58E+17,973,1.01E+04
6,249.709999999987,74518567522699700,974,3020.54127911773
6,249.709999999987,1.18E+18,975,4.93E+04
6,230.533960514382,35445093399342900,975,15793.7776184072
6,249.709999999987,1.18E+18,975,4.93E+04
7,249.709999999987,1.65E+17,957,3.87E+03
7,249.709999999987,1.88E+17,958,4.56E+03
7,249.709999999987,2.12E+17,959,5.32E+03
7,249.709999999987,1.86E+17,960,4.81E+03
7,249.709999999987,3.33E+17,961,8.89E+03
7,244.857572887623,80059219544751100,962,4051.94773048328
7,249.709999999987,3.35E+17,963,9.55E+03
7,249.709999999987,1.65E+17,964,4.86E+03
7,249.709999999987,1.88E+17,965,5.73E+03
7,249.709999999987,2.12E+17,966,6.67E+03
7,249.709999999987,1.86E+17,967,6.03E+03
7,249.709999999987,3.33E+17,968,1.12E+04
7,244.857572887623,80059219544751100,969,5054.88810018017
7,249.709999999987,3.35E+17,970,1.20E+04
7,249.709999999987,1.65E+17,971,6.08E+03
7,249.709999999987,1.88E+17,972,7.16E+03
7,249.709999999987,2.12E+17,973,8.34E+03
7,249.709999999987,1.86E+17,974,7.54E+03
7,249.709999999987,3.33E+17,975,1.39E+04
7,244.857572887623,80059219544751100,975,6094.53349119057
7,249.709999999987,3.35E+17,975,1.40E+04
5,249.709999999987,55799101557817200,1002,5354.02075940082
5,249.709999999987,55799101557817200,1003,5516.44205758771
5,249.709999999987,55799101557817200,1004,5683.45226084611
5,249.709999999987,55799101557817200,1005,5855.17115327315
6,249.709999999987,1.18E+18,1002,1.13E+05
6,249.709999999987,1.18E+18,1003,1.17E+05
6,249.709999999987,1.18E+18,1004,1.20E+05
6,249.709999999987,1.18E+18,1005,1.24E+05
7,249.709999999987,3.35E+17,1002,3.22E+04
7,249.709999999987,3.35E+17,1003,3.31E+04
7,249.709999999987,3.35E+17,1004,3.41E+04
7,249.709999999987,3.35E+17,1005,3.52E+04